[
  {
    "id":12,
    "gps":[37.090423, -8.202682999999979],
    "periode":[["04","10"]],
    "pays":"Portugal",
    "lieu":"mer",
    "groupe": ["enfants", "couple", "amis", "solo"],
    "nom": "Da Balaia",
    "photos": ["villages/12_dabalaia_1.jpg", "villages/12_dabalaia_2.jpg", "villages/12_dabalaia_3.jpg"],
    "score": 4,
    "espace5": 0,
    "enfant_tranche":["0-1", "2-3", "4-10", "11-17"],
    "activite":["sport", "detente", "culture"],
    "sport":["tennis", "golf", "voile"],
    "url":"http://www.clubmed.fr/cm/sejour-da-balaia-portugal_p-133-l-FR-pe-16E-v-DBAC-ac-vh.html",
    "activites_principales":["golf", "trapeze"],
    "tripadvisor":"<div id=\"TA_socialButtonBubbles137\" class=\"TA_socialButtonBubbles\"></div><script src=\"http://www.tripadvisor.com/WidgetEmbed-socialButtonBubbles?locationId=253388&color=green&size=rect&uniq=137&lang=fr&display_version=2\"></script>",
    "avis":[{"content":"Babyclub trÃ¨s pro. Cela laisse la possibilitÃ© de faire des activitÃ©s sportives et excursions.", "author":"@toffifee31", "status":"membre TripAdvisor"}],
    "icon":"assets/img/point-actif.png",
    "force_left_position":0,
    "force_right_position":0
  },
  {
    "id":34,
    "gps":[36.63618, 30.55441399999995],
    "periode":[["04","10"]],
    "pays":"Turquie",
    "lieu":"mer",
    "groupe": ["enfants", "couple", "amis", "solo"],
    "nom": "Palmiye",
    "photos": ["villages/33_palmiye_1.jpg", "villages/33_palmiye_2.jpg", "villages/33_palmiye_3.jpg"],
    "score": 4,
    "espace5": 0,
    "enfant_tranche":["0-1", "2-3", "4-10", "11-17"],
    "activite":["sport", "culture", "detente"],
    "sport":["tennis", "skinautique", "voile", "plongee"],
    "url":"http://www.clubmed.fr/cm/sejour-palmiye-turquie_p-133-l-FR-pe-16E-v-PALC-ac-vh.html",
    "activites_principales":["skinautique", "tennis"],
    "tripadvisor":"<div id=\"TA_socialButtonBubbles240\" class=\"TA_socialButtonBubbles\"></div><script src=\"http://www.tripadvisor.com/WidgetEmbed-socialButtonBubbles?locationId=669653&color=green&size=rect&uniq=240&lang=fr&display_version=2\"></script>",
    "avis":[{"content":"Un magnifique club, des spectacles au top, des activitÃ©s pour tous les goÃ»ts. Tout est Ã©galement parfait pour les enfants.", "author":"@lili3107", "status":"membre TripAdvisor"}],
    "icon":"assets/img/point-actif.png",
    "force_left_position":0,
    "force_right_position":0
  },
  {
    "id":4,
    "gps":[36.98928799999999, 27.636587000000054],
    "periode":[["05","10"]],
    "pays":"Turquie",
    "lieu":"mer",
    "groupe": ["couple", "amis", "solo"],
    "nom": "Bodrum Palmiye",
    "photos": ["villages/4_bodrum_1.jpg", "villages/4_bodrum_2.jpg", "villages/4_bodrum_3.jpg"],
    "score": 4,
    "espace5": 0,
    "enfant_tranche":["2-3", "4-10"],
    "activite":["culture", "sport"],
    "sport":["tennis", "voile", "plongee"],
    "url":"http://www.clubmed.fr/cm/sejour-bodrum-palmiye-vacances-turquie_p-133-l-FR-v-BODC-ac-vh.html",
    "activites_principales":["planche", "voile"],
    "tripadvisor":"<div id=\"TA_socialButtonBubbles798\" class=\"TA_socialButtonBubbles\"></div><script src=\"http://www.tripadvisor.com/WidgetEmbed-socialButtonBubbles?locationId=627482&color=green&size=rect&uniq=798&lang=fr&display_version=2\"></script>",
    "avis":[{"content":"Entre l'antique EphÃ¨se, citÃ© favorite des Dieux, et Bodrum, le 'Saint Tropez turc', la mer et le ciel ne font plus qu'un", "author":"Le mot du G.O<sup>Â®</sup>", "status":""}],
    "icon":"assets/img/point-actif.png",
    "force_left_position":0,
    "force_right_position":0
  },
  {
    "id":24,
    "gps":[36.59551800000001, 30.67934799999998],
    "periode":[["05","10"]],
    "pays":"Turquie",
    "lieu":"mer",
    "groupe": ["couple", "amis", "solo"],
    "nom": "Kemer",
    "photos": ["villages/23_kemer_1.jpg", "villages/23_kemer_2.jpg", "villages/23_kemer_3.jpg"],
    "score": 3,
    "espace5": 0,
    "enfant_tranche":[],
    "activite":["sport", "culture"],
    "sport":["tennis", "skinautique", "voile"],
    "url":"http://www.clubmed.fr/cm/sejour-kemer-turquie_p-133-l-FR-pe-16E-v-KEMC-ac-vh.html",
    "activites_principales":["skinautique", "tennis"],
    "tripadvisor":"<div id=\"TA_socialButtonBubbles211\" class=\"TA_socialButtonBubbles\"></div><script src=\"http://www.tripadvisor.com/WidgetEmbed-socialButtonBubbles?locationId=669646&color=green&size=rect&uniq=211&lang=fr&display_version=2\"></script>",
    "avis":[{"content":"Que vous souhaitiez la fÃªte ou vous reposer, vous y trouverez votre compte ! Mais alors si vous voulez faire la fÃªte allez-y c'est top !", "author":"@Avva05", "status":"membre Trip Advisor"}],
    "icon":"assets/img/point-actif.png",
    "force_left_position":0,
    "force_right_position":1
  },
  {
    "id":15,
    "gps":[38.835383, 22.939617999999996],
    "periode":[["04","09"]],
    "pays":"GrÃ¨ce",
    "lieu":"mer",
    "groupe": ["enfants", "couple", "amis", "solo"],
    "nom": "Gregolimano",
    "photos": ["villages/15_gregolimano_1.jpg", "villages/15_gregolimano_2.jpg", "villages/15_gregolimano_3.jpg"],
    "score": 4,
    "espace5": 0,
    "enfant_tranche":["4-10", "11-17"],
    "activite":["sport", "culture"],
    "sport":["tennis", "skinautique", "voile", "plongee"],
    "url":"http://www.clubmed.fr/cm/sejour-gregolimano-grece_p-133-l-FR-pe-16H-v-GREC-ac-vh.html",
    "activites_principales":["skinautique", "tennis"],
    "tripadvisor":"<div id=\"TA_socialButtonBubbles651\" class=\"TA_socialButtonBubbles\"></div><script src=\"http://www.tripadvisor.com/WidgetEmbed-socialButtonBubbles?locationId=669644&color=green&size=rect&uniq=651&lang=fr&display_version=2\"></script>",
    "avis":[{"content":"Des fous rires sur le ponton du ski nautique.", "author":"@karine798", "status":"membre TripAdvisor"}],
    "icon":"assets/img/point-actif.png",
    "force_left_position":0,
    "force_right_position":0
  },
  {
    "id":21,
    "gps":[36.8647081, 14.451035499999989],
    "periode":[["04","10"]],
    "pays":"Italie",
    "lieu":"mer",
    "groupe": ["enfants", "couple", "amis", "solo"],
    "nom": "Kamarina",
    "photos": ["villages/20_kamarina_1.jpg", "villages/20_kamarina_2.jpg", "villages/20_kamarina_3.jpg"],
    "score": 3,
    "espace5": 0,
    "enfant_tranche":["2-3", "4-10", "11-17"],
    "activite":["sport", "culture", "detente"],
    "sport":["tennis", "golf", "voile", "plongee"],
    "url":"http://www.clubmed.fr/cm/sejour-kamarina-italie_p-133-l-FR-pe-16E-v-KAMC-ac-vh.html",
    "activites_principales":["tennis", "voile"],
    "tripadvisor":"<div id=\"TA_socialButtonBubbles337\" class=\"TA_socialButtonBubbles\"></div><script src=\"http://www.tripadvisor.com/WidgetEmbed-socialButtonBubbles?locationId=668309&color=green&size=rect&uniq=337&lang=fr&display_version=2\"></script>",
    "avis":[{"content":"Magnifique, solaire et sauvage, la Sicile est une brune au tempÃ©rament volcanique. Suivez-lÃ  dans ses ruelles escarpÃ©esâ€¦", "author":"Le mot du G.O<sup>Â®</sup>", "status":""}],
    "icon":"assets/img/point-actif.png",
    "force_left_position":0,
    "force_right_position":0
  },
  {
    "id":32,
    "gps":[38.799651, 16.21737600000006],
    "periode":[["05","09"]],
    "pays":"Italie",
    "lieu":"mer",
    "groupe":["enfants", "couple", "amis", "solo"],
    "nom": "Napitia",
    "photos": ["villages/31_napitia_1.jpg", "villages/31_napitia_2.jpg", "villages/31_napitia_3.jpg"],
    "score": 3,
    "espace5": 0,
    "enfant_tranche":["0-1", "2-3", "4-10", "11-17"],
    "activite":["sport", "detente"],
    "sport":["tennis", "voile"],
    "url":"http://www.clubmed.fr/cm/sejour-napitia-italie_p-133-l-FR-v-NAPC-pe-16E-ac-vh.html",
    "activites_principales":["voile", "tennis"],
    "tripadvisor":"<div id=\"TA_socialButtonBubbles371\" class=\"TA_socialButtonBubbles\"></div><script src=\"http://www.tripadvisor.com/WidgetEmbed-socialButtonBubbles?locationId=669648&color=green&size=rect&uniq=371&lang=fr&display_version=2\"></script>",
    "avis":[{"content":"Club adaptÃ© Ã  l'accueil des jeunes enfants. Les infrastructures ( piscine, restaurant, plage) sont pensÃ©s pour eux.Â ", "author":"@Laetitia A", "status":"membre TripAdvisor"}],
    "icon":"assets/img/point-actif.png",
    "force_left_position":0,
    "force_right_position":0
  },
  {
    "id":33,
    "gps":[43.651382, 6.997726999999941],
    "periode":[["01","12"]],
    "pays":"France",
    "lieu":"montagne",
    "groupe": ["enfants", "couple", "amis", "solo"],
    "nom": "Opio en Provence",
    "photos": ["villages/32_opioenprovence_1.jpg", "villages/32_opioenprovence_2.jpg", "villages/32_opioenprovence_3.jpg"],
    "score": 4,
    "espace5": 0,
    "enfant_tranche":["0-1", "2-3", "4-10", "11-17"],
    "activite":["sport", "detente"],
    "sport":["tennis", "golf"],
    "url":"http://www.clubmed.fr/cm/sejour-opio-en-provence-france_p-133-l-FR-v-OPIC-pe-16H-ac-vh.html",
    "activites_principales":["golf", "tennis"],
    "tripadvisor":"<div id=\"TA_socialButtonBubbles981\" class=\"TA_socialButtonBubbles\"></div><script src=\"http://www.tripadvisor.com/WidgetEmbed-socialButtonBubbles?locationId=256390&color=green&size=rect&uniq=981&lang=fr&display_version=2\"></script>",
    "avis":[{"content":"Mention spÃ©ciale Ã  la piscine Zen.", "author":"@Ce Line", "status":"membre TripAdvisor"}],
    "icon":"assets/img/point-actif.png",
    "force_left_position":0,
    "force_right_position":0
  },
  {
    "id":7,
    "gps":[42.169274, 8.596039000000019],
    "periode":[["06", "09"]],
    "pays":"France",
    "lieu":"mer",
    "groupe": ["enfants", "couple", "amis", "solo"],
    "nom": "CargÃ¨se",
    "photos": ["villages/7_cargese_1.jpg", "villages/7_cargese_2.jpg", "villages/7_cargese_3.jpg"],
    "score": 3,
    "espace5": 0,
    "enfant_tranche":["4-10", "11-17"],
    "activite":["sport", "culture"],
    "sport":["tennis", "voile"],
    "url":"http://www.clubmed.fr/cm/vacances-corse-cargese_p-133-l-FR-v-CRGC-ac-vh.html",
    "activites_principales":["tennis", "voile"],
    "tripadvisor":"<div id=\"TA_socialButtonBubbles447\" class=\"TA_socialButtonBubbles\"></div><script src=\"http://www.tripadvisor.com/WidgetEmbed-socialButtonBubbles?locationId=656402&color=green&size=rect&uniq=447&lang=fr&display_version=2\"></script>",
    "avis":[{"content":"Des pins, des cigales et une eau d'un bleu hypnotique. A Sagone, on baigne en pleine nature et en plein farniente.", "author":"Le mot du G.O<sup>Â®</sup>", "status":""}],
    "icon":"assets/img/point-actif.png",
    "force_left_position":0,
    "force_right_position":0
  },
  {
    "id":41,
    "gps":[42.60429500000001, 8.825999000000024],
    "periode":[["04", "09"]],
    "pays":"France",
    "lieu":"mer",
    "groupe": ["enfants", "couple", "amis", "solo"],
    "nom": "Sant' Ambroggio",
    "photos": ["villages/40_santambroggio_1.jpg", "villages/40_santambroggio_2.jpg", "villages/40_santambroggio_3.jpg"],
    "score": 3,
    "espace5": 0,
    "enfant_tranche":["4-10", "11-17"],
    "activite":["sport", "detente"],
    "sport":["voile", "plongee", "rando"],
    "url":"http://www.clubmed.fr/cm/sejour-sant-ambroggio-france_p-133-l-FR-pe-16E-v-SAMC-ac-vh.html",
    "activites_principales":["voile", "rando"],
    "tripadvisor":"<div id=\"TA_socialButtonBubbles450\" class=\"TA_socialButtonBubbles\"></div><script src=\"http://www.tripadvisor.com/WidgetEmbed-socialButtonBubbles?locationId=669116&color=green&size=rect&uniq=450&lang=fr&display_version=2\"></script>",
    "avis":[{"content":"Une superbe semaine Ã  tous points de vue (village, ambiance, activitÃ©s, mÃ©tÃ©o, etc.) entourÃ©s de personnes de grande qualitÃ© qui ont fait de notre sÃ©jour une trÃ¨s belle rÃ©ussite.", "author":"@Laurent C", "status":"membre TripAdvisor"}],
    "icon":"assets/img/point-actif.png",
    "force_left_position":0,
    "force_right_position":0
  },
  {
    "id":26,
    "gps":[45.67592699999999, -1.1651369999999588],
    "periode":[["04","10"]],
    "pays":"France",
    "lieu":"mer",
    "groupe": ["enfants", "couple", "amis", "solo"],
    "nom": "La Palmyre Atlantique",
    "photos": ["villages/25_lapalmyreatlantique_1.jpg", "villages/25_lapalmyreatlantique_2.jpg", "villages/25_lapalmyreatlantique_3.jpg"],
    "score": 3,
    "espace5": 0,
    "enfant_tranche":["2-3", "4-10", "11-17"],
    "activite":["sport", "detente"],
    "sport":["tennis", "golf", "voile"],
    "url":"http://www.clubmed.fr/cm/sejour-la-palmyre-atlantique-france_p-133-l-FR-pe-16E-v-LPAC-ac-vh.html",
    "activites_principales":["voile", "tennis"],
    "tripadvisor":"<div id=\"TA_socialButtonBubbles339\" class=\"TA_socialButtonBubbles\"></div><script src=\"http://www.tripadvisor.com/WidgetEmbed-socialButtonBubbles?locationId=656416&color=green&size=rect&uniq=339&lang=fr&display_version=2\"></script>",
    "avis":[{"content":"Tout est parfaitement organisÃ© pour faciliter la vie des familles. Notre fils a adorÃ© le mini club (tir Ã  l'arc, VTT, sports collectifs, chasses au trÃ©sor, spectacles...).", "author":"@Peg92100", "status":""}],
    "icon":"assets/img/point-actif.png",
    "force_left_position":0,
    "force_right_position":0
  },
  {
    "id":47,
    "gps":[48.212014, 6.040686000000028],
    "periode":[["04","09"]],
    "pays":"France",
    "lieu":"montagne",
    "groupe":["couple", "amis", "solo"],
    "nom": "Vittel Golf Ermitage",
    "photos": ["villages/46_vilttelgolf_1.jpg", "villages/46_vilttelgolf_2.jpg", "villages/46_vittelgolf_3.jpg"],
    "score": 4,
    "espace5": 0,
    "enfant_tranche":[],
    "activite":["sport", "detente"],
    "sport":["tennis", "golf"],
    "url":"http://www.clubmed.fr/cm/sejour-vittel-golf-ermitage-france_p-133-l-FR-pe-16E-v-VERC-ac-vh.html",
    "activites_principales":["golf", "tennis"],
    "tripadvisor":"<div id=\"TA_socialButtonBubbles224\" class=\"TA_socialButtonBubbles\"></div><script src=\"http://www.tripadvisor.com/WidgetEmbed-socialButtonBubbles?locationId=669118&color=green&size=rect&uniq=224&lang=fr&display_version=2\"></script>",
    "avis":[{"content":"Quel endroit ! Un parc de toute beautÃ©, un hÃ´tel de charme et d'Ã©poque.", "author":"@Christophe L", "status":"membre TripAdvisor"}],
    "icon":"assets/img/point-actif.png",
    "force_left_position":0
  },
  {
    "id":48,
    "gps":[48.206786, 5.849891999999977],
    "periode":[["04","10"]],
    "pays":"France",
    "lieu":"montagne",
    "groupe":["enfants", "couple", "amis", "solo"],
    "nom": "Vittel le Parc",
    "photos": ["villages/47_vittelleparc_1.jpg", "villages/47_vittelleparc_2.jpg", "villages/47_vittelleparc_3.jpg"],
    "score": 3,
    "espace5": 0,
    "enfant_tranche":["0-1", "2-3", "4-10", "11-17"],
    "activite":["sport", "detente"],
    "sport":["tennis", "golf"],
    "url":"http://www.clubmed.fr/cm/sejour-vittel-le-parc-france_p-133-l-FR-pe-16E-v-VLPC-ac-vh.html",
    "activites_principales":["tennis", "golf"],
    "tripadvisor":"<div id=\"TA_socialButtonBubbles391\" class=\"TA_socialButtonBubbles\"></div><script src=\"http://www.tripadvisor.com/WidgetEmbed-socialButtonBubbles?locationId=657655&color=green&size=rect&uniq=391&lang=fr&display_version=2\"></script>",
    "avis":[{"content":"Week-end trÃ¨s rÃ©ussi au Club Med de Vittel , bÃ¢timents style Art DÃ©co splendides.", "author":"@JMHUMBERT", "status":"membre TripAdvisor"}],
    "icon":"assets/img/point-actif.png",
    "force_left_position":0,
    "force_right_position":0
  },
  {
    "id":10,
    "gps":[38.75408327579141, 5.3688812255859375],
    "periode":[["01","10"]],
    "pays":"CroisiÃ¨res",
    "lieu":"mer",
    "groupe": ["enfants", "couple", "amis", "solo"],
    "nom": "Club Med 2",
    "photos": ["villages/10_clubmed2_1.jpg", "villages/10_clubmed2_2.jpg", "villages/10_clubmed2_3.jpg"],
    "score": "<span class=\"cmfont exclu\">&#xe924;</span>",
    "espace5": 1,
    "enfant_tranche":["0.3-1.9", "2-3"],
    "activite":["culture", "detente", "sport"],
    "sport":["skinautique", "voile"],
    "url":"http://www.clubmed.fr/cm/sejour-club-med-2-france_p-133-l-FR-pe-16E-v-CM2C-ac-vh.html",
    "activites_principales":["skinautique", "planche"],
    "tripadvisor":"<div id=\"TA_socialButtonBubbles649\" class=\"TA_socialButtonBubbles\"></div><script src=\"http://www.tripadvisor.com/WidgetEmbed-socialButtonBubbles?locationId=579713&color=green&size=rect&uniq=649&lang=fr&display_version=2\"></script>",
    "avis":[{"content":"L'appel du largeâ€¦L'Ã©tÃ©, le voilier vous emmÃ¨ne d'Ã®les en Ã®les mÃ©diterranÃ©ennes, l'hiver, de Porto Rico au Venezuela, Ã  la dÃ©couverte des CaraÃ¯bes.", "author":"Le mot du G.O<sup>Â®</sup>", "status":""}],
    "icon":"assets/img/point-actif.png",
    "force_left_position":0,
    "force_right_position":0
  },
  {
    "id":38,
    "gps":[18.5457, -68.35109699999998],
    "periode":[["01","12"]],
    "pays":"RÃ©publique Dominicaine",
    "lieu":"mer",
    "groupe":["enfants", "couple", "amis", "solo"],
    "nom": "Punta Cana",
    "photos": ["villages/37_puntacana_1.jpg", "villages/37_puntacana_2.jpg", "villages/37_puntacana_3.jpg"],
    "score": 4,
    "espace5": 1,
    "enfant_tranche":["0-1", "2-3", "4-10", "11-17"],
    "activite":["sport", "detente"],
    "sport":["tennis", "golf", "voile", "plongee"],
    "url":"http://www.clubmed.fr/cm/sejour-punta-cana-rep-dominicaine_p-133-l-FR-v-PCAC-pe-16E-ac-vh.html",
    "activites_principales":["trapeze", "golf"],
    "tripadvisor":"<div id=\"TA_socialButtonBubbles616\" class=\"TA_socialButtonBubbles\"></div><script src=\"http://www.tripadvisor.com/WidgetEmbed-socialButtonBubbles?locationId=149864&color=green&size=rect&uniq=616&lang=fr&display_version=2\"></script>",
    "avis":[{"content":"Mention spÃ©ciale au nouvel espace 'creactive' du cirque du soleil.", "author":"@bootlegger5", "status":"membre TripAdvisor"}],
    "icon":"assets/img/point-actif.png",
    "force_left_position":0,
    "force_right_position":0
  },
  {
    "id":25,
    "gps":[16.2185069, -61.39606479999998],
    "periode":[["01","08"], ["10","12"]],
    "pays":"Guadeloupe",
    "lieu":"mer",
    "groupe": ["enfants", "couple", "amis", "solo"],
    "nom": "La Caravelle",
    "photos": ["villages/25_caravelle_1.jpg", "villages/25_caravelle_2.jpg", "villages/25_caravelle_3.jpg"],
    "score": 4,
    "espace5": 0,
    "enfant_tranche":["2-3", "4-10", "11-17"],
    "activite":["sport", "culture"],
    "sport":["tennis", "voile", "plongee"],
    "url":"http://www.clubmed.fr/cm/sejour-la-caravelle-guadeloupe_p-133-l-FR-v-CARC-pe-16E-ac-vh.html",
    "activites_principales":["tennis", "voile"],
    "tripadvisor":"<div id=\"TA_socialButtonBubbles821\" class=\"TA_socialButtonBubbles\"></div><script src=\"http://www.tripadvisor.com/WidgetEmbed-socialButtonBubbles?locationId=150986&color=green&size=rect&uniq=821&lang=fr&display_version=2\"></script>",
    "avis":[{"content":"Un buffet trÃ¨s variÃ©, des spectacles de trÃ¨s haut vol.", "author":"@Steph0666", "status":"membre TripAdvisor"}],
    "icon":"assets/img/point-actif.png",
    "force_left_position":0,
    "force_right_position":0
  },
  {
    "id":30,
    "gps":[14.447802, -60.883568999999966],
    "periode":[["01","05"], ["07","12"]],
    "pays":"Martinique",
    "lieu":"mer",
    "groupe": ["couple", "amis", "solo"],
    "nom": "Les Boucaniers",
    "photos": ["villages/30_Boucaniers_1.jpg", "villages/30_Boucaniers_2.jpg", "villages/30_Boucaniers_3.jpg"],
    "score": 4,
    "espace5": 0,
    "enfant_tranche":[],
    "activite":["sport", "detente", "culture"],
    "sport":["tennis", "skinautique", "voile", "plongee"],
    "url":"http://www.clubmed.fr/cm/sejour-les-boucaniers-martinique_p-133-l-FR-v-BUCC-pe-16E-ac-vh.html",
    "activites_principales":["skinautique", "tennis"],
    "tripadvisor":"<div id=\"TA_socialButtonBubbles860\" class=\"TA_socialButtonBubbles\"></div><script src=\"http://www.tripadvisor.com/WidgetEmbed-socialButtonBubbles?locationId=151605&color=green&size=rect&uniq=860&lang=fr&display_version=2\"></script>",
    "avis":[{"content":"Les GO ont le sourire trÃ¨s contagieux !", "author":"@Spongecake59", "status":"membre TripAdvisor"}],
    "icon":"assets/img/point-actif.png",
    "force_left_position":0,
    "force_right_position":0
  },
  {
    "id":11,
    "gps":[24.068477, -74.53534300000001],
    "periode":[["01","08"], ["10","12"]],
    "pays":"Bahamas",
    "lieu":"mer",
    "groupe": ["enfants", "couple", "amis", "solo"],
    "nom": "Columbus Isle",
    "photos": ["villages/11_columbus_1.jpg", "villages/11_columbus_2.jpg", "villages/11_columbus_3.jpg"],
    "score": 4,
    "espace5": 0,
    "enfant_tranche":["0.3-1.9", "2-3"],
    "activite":["sport", "detente"],
    "sport":["tennis", "skinautique", "voile", "plongee"],
    "url":"http://www.clubmed.fr/cm/sejour-columbus-isle-bahamas_p-133-l-FR-v-COLC-pe-16H-ac-vh.html",
    "activites_principales":["plongee", "tennis"],
    "tripadvisor":"<div id=\"TA_socialButtonBubbles590\" class=\"TA_socialButtonBubbles\"></div><script src=\"http://www.tripadvisor.com/WidgetEmbed-socialButtonBubbles?locationId=147636&color=green&size=rect&uniq=590&lang=fr&display_version=2\"></script>",
    "avis":[{"content":"Superbe expÃ©rience pour notre premier Club Med. Le cadre est Ã  couper le souffle, vous serez dÃ©connectÃ© du monde.", "author":"@Bonvivant84", "status":"membre TripAdvisor"}],
    "icon":"assets/img/point-actif.png",
    "force_left_position":0,
    "force_right_position":0
  },
  {
    "id":5,
    "gps":[21.035546, -86.77895699999999],
    "periode":[["01","12"]],
    "pays":"Mexique",
    "lieu":"mer",
    "groupe": ["enfants", "couple", "amis", "solo"],
    "nom": "CancÃºn YucatÃ¡n",
    "photos": ["villages/5_cancun_1.jpg", "villages/5_cancun_2.jpg", "villages/5_cancun_3.jpg"],
    "score": 4,
    "espace5": 0,
    "enfant_tranche":["2-3", "4-10", "11-17"],
    "activite":["sport", "culture", "detente"],
    "sport":["tennis", "skinautique", "voile", "plongee"],
    "url":"http://www.clubmed.fr/cm/sejour-cancun-yucatan-mexique_p-133-l-FR-v-CANC-ac-vh.html",
    "activites_principales":["skinautique", "planche"],
    "tripadvisor":"<div id=\"TA_socialButtonBubbles850\" class=\"TA_socialButtonBubbles\"></div><script src=\"http://www.tripadvisor.com/WidgetEmbed-socialButtonBubbles?locationId=152890&color=green&size=rect&uniq=850&lang=fr&display_version=2\"></script>",
    "avis":[{"content":"On en prend plein les yeux pendant les excursions (Chichen Itza, nager dans les cenotes).", "author":"@Sophie L", "status":"membre TripAdvisor"}],
    "icon":"assets/img/point-actif.png",
    "force_left_position":0,
    "force_right_position":0
  },
  {
    "id":39,
    "gps":[-22.994329, -44.095977000000005],
    "periode":[["01","12"]],
    "pays":"BrÃ©sil",
    "lieu":"mer",
    "groupe": ["enfants", "couple", "amis", "solo"],
    "nom": "Rio das Pedras",
    "photos": ["villages/38_riodaspedras_1.jpg", "villages/38_riodaspedras_2.jpg", "villages/38_riodaspedras_3.jpg"],
    "score": 4,
    "espace5": 0,
    "enfant_tranche":["2-3", "4-10", "11-17"],
    "activite":["culture", "sport", "detente"],
    "sport":["skinautique", "tennis"],
    "url":"http://www.clubmed.fr/cm/sejour-rio-das-pedras-bresil_p-133-l-FR-v-RDPC-pe-16E-ac-vh.html",
    "activites_principales":["skinautique", "tennis"],
    "tripadvisor":"<div id=\"TA_socialButtonBubbles564\" class=\"TA_socialButtonBubbles\"></div><script src=\"http://www.tripadvisor.com/WidgetEmbed-socialButtonBubbles?locationId=633090&color=green&size=rect&uniq=564&lang=fr&display_version=2\"></script>",
    "avis":[{"content":"Entre plage et rÃ©serve naturelle. On est dÃ©paysÃ© en 2mn top chrono !", "author":"@Sky L", "status":"membre TripAdvisor"}],
    "icon":"assets/img/point-actif.png",
    "force_left_position":0,
    "force_right_position":0
  },
  {
    "id":40,
    "gps":[27.244664, -80.31161399999996],
    "periode":[["01","12"]],
    "pays":"Etats-Unis",
    "lieu":"mer",
    "groupe": ["enfants", "couple", "amis", "solo"],
    "nom": "Sandpiper Bay",
    "photos": ["villages/39_sandpiperbay_1.jpg", "villages/39_sandpiperbay_2.jpg", "villages/39_sandpiperbay_3.jpg"],
    "score": 4,
    "espace5": 0,
    "enfant_tranche":["0-1", "2-3", "4-10", "11-17"],
    "activite":["sport", "detente"],
    "sport":["tennis", "golf", "voile"],
    "url":"http://www.clubmed.fr/cm/sejour-sandpiper-bay-etats-unis_p-133-l-FR-pe-16E-v-SANC-ac-vh.html",
    "activites_principales":["tennis", "golf"],
    "tripadvisor":"<div id=\"TA_socialButtonBubbles430\" class=\"TA_socialButtonBubbles\"></div><script src=\"http://www.tripadvisor.com/WidgetEmbed-socialButtonBubbles?locationId=219076&color=green&size=rect&uniq=430&lang=fr&display_version=2\"></script>",
    "avis":[{"content":"Absolument gÃ©nial ! Le mini club med, la nourriture, le golf. Tout simplement fabuleux.", "author":"@Joanne Livote Shallis", "status":"membre Facebook"}],
    "icon":"assets/img/point-actif.png",
    "force_left_position":0,
    "force_right_position":0
  },
  {
    "id":18,
    "gps":[-13.0286707, -38.658308499999976],
    "periode":[["01", "12"]],
    "pays":"BrÃ©sil",
    "lieu":"mer",
    "groupe": ["enfants", "couple", "amis", "solo"],
    "nom": "Itaparica",
    "photos": ["villages/17_itaparica_1.jpg", "villages/17_itaparica_2.jpg", "villages/17_itaparica_3.jpg"],
    "score": 3,
    "espace5": 0,
    "enfant_tranche":["4-10", "11-17"],
    "activite":["culture", "sport"],
    "sport":["tennis", "golf", "voile"],
    "url":"http://www.clubmed.fr/cm/sejour-itaparica-bresil_p-133-l-FR-v-ITAC-pe-16E-ac-vh.html",
    "activites_principales":["tennis", "trapeze"],
    "tripadvisor":"<div id=\"TA_socialButtonBubbles836\" class=\"TA_socialButtonBubbles\"></div><script src=\"http://www.tripadvisor.com/WidgetEmbed-socialButtonBubbles?locationId=668303&color=green&size=rect&uniq=836&lang=fr&display_version=2\"></script>",
    "avis":[{"content":"Sur pilotis ou sous les cocotiers, Itaparica se balance au soleil et sur des airs de samba.", "author":"Le mot du G.O<sup>Â®</sup>", "status":""}],
    "icon":"assets/img/point-actif.png",
    "force_left_position":0,
    "force_right_position":0
  },
  {
    "id":19,
    "gps":[17.673101, -101.64196149999998],
    "periode":[["01","12"]],
    "pays":"Mexique",
    "lieu":"mer",
    "groupe":["enfants", "couple", "amis", "solo"],
    "nom": "Ixtapa Pacific",
    "photos": ["villages/19_ixtapapacific_1.jpg", "villages/19_ixtapapacific_2.jpg", "villages/19_ixtapapacific_3.jpg"],
    "score": 4,
    "espace5": 0,
    "enfant_tranche":["0-1", "2-3", "4-10", "11-17"],
    "activite":["culture", "sport", "detente"],
    "sport":["tennis", "voile"],
    "url":"http://www.clubmed.fr/cm/sejour-ixtapa-pacific-mexique_p-133-l-FR-v-IXTC-pe-16E-ac-vh.html",
    "activites_principales":["trapeze", "tennis"],
    "tripadvisor":"<div id=\"TA_socialButtonBubbles269\" class=\"TA_socialButtonBubbles\"></div><script src=\"http://www.tripadvisor.com/WidgetEmbed-socialButtonBubbles?locationId=154176&color=green&size=rect&uniq=269&lang=fr&display_version=2\"></script>",
    "avis":[{"content":"Dans un parc tropical verdoyant, adossÃ© aux montagnes de la Sierra Madre, le Village d'Ixtapa Pacific s'Ã©tire au bord d'une vaste plage de sable fin.", "author":"Le mot du G.O<sup>Â®</sup>", "status":""}],
    "icon":"assets/img/point-actif.png",
    "force_left_position":0,
    "force_right_position":0
  },
  {
    "id":43,
    "gps":[-16.542002, -39.087252000000035],
    "periode":[["01","12"]],
    "pays":"BrÃ©sil",
    "lieu":"mer",
    "groupe": ["enfants", "couple", "amis", "solo"],
    "nom": "Trancoso",
    "photos": ["villages/42_transcoso_1.jpg", "villages/42_transcoso_2.jpg", "villages/42_transcoso_3.jpg"],
    "score": 4,
    "espace5": 0,
    "enfant_tranche":["2-3", "4-10", "11-17"],
    "activite":["sport", "detente"],
    "sport":["golf", "tennis"],
    "url":"http://www.clubmed.fr/cm/sejour-trancoso-bresil_p-133-l-FR-v-TRAC-pe-16E-ac-vh.html",
    "activites_principales":["golf", "tennis"],
    "tripadvisor":"<div id=\"TA_socialButtonBubbles463\" class=\"TA_socialButtonBubbles\"></div><script src=\"http://www.tripadvisor.com/WidgetEmbed-socialButtonBubbles?locationId=668304&color=green&size=rect&uniq=463&lang=fr&display_version=2\"></script>",
    "avis":[{"content":"Le mini club oÃ¹ les enfants s'Ã©clatent et des excursions (RÃ©serve indienne, Porto Seguro et Trancoso ) pittoresques.", "author":"@undelamarine", "status":"membre TripAdvisor"}],
    "icon":"assets/img/point-actif.png",
    "force_left_position":0,
    "force_right_position":0
  },
  {
    "id":44,
    "gps":[21.803735, -72.16841699999998],
    "periode":[["01","12"]],
    "pays":"Iles Turks-et-CaÃ¯cos",
    "lieu":"mer",
    "groupe": ["couple", "amis", "solo"],
    "nom": "Turquoise",
    "photos": ["villages/43_turquoise_1.jpg", "villages/43_turquoise_2.jpg", "villages/43_turquoise_3.jpg"],
    "score": 3,
    "espace5": 0,
    "enfant_tranche":["0-1", "2-3", "4-10", "11-17"],
    "activite":["sport"],
    "sport":["tennis", "voile", "plongee"],
    "url":"http://www.clubmed.fr/cm/sejour-turquoise-turks-caicos_p-133-l-FR-pe-16E-v-TURC-ac-vh.html",
    "activites_principales":["plongee", "trapeze"],
    "tripadvisor":"<div id=\"TA_socialButtonBubbles917\" class=\"TA_socialButtonBubbles\"></div><script src=\"http://www.tripadvisor.com/WidgetEmbed-socialButtonBubbles?locationId=151184&color=green&size=rect&uniq=917&lang=fr&display_version=2\"></script>",
    "avis":[{"content":"Superbe plage, on ne s'en lasse pas, le site naturel est exceptionnel.", "author":"@fmgda m", "status":"membre TripAdvisor"}],
    "icon":"assets/img/point-actif.png",
    "force_left_position":0,
    "force_right_position":0
  },
  {
    "id":49,
    "gps":[35.664655, -5.286669999999958],
    "periode":[["04","09"]],
    "pays":"Maroc",
    "lieu":"mer",
    "groupe":["enfants", "couple", "amis", "solo"],
    "nom": "Yasmina",
    "photos": ["villages/48_yasmina_1.jpg", "villages/48_yasmina_2.jpg", "villages/48_yasmina_3.jpg"],
    "score": 4,
    "espace5": 0,
    "enfant_tranche":["2-3", "4-10", "11-17"],
    "activite":["sport", "culture", "detente"],
    "sport":["tennis", "golf", "voile"],
    "url":"http://www.clubmed.fr/cm/sejour-yasmina-maroc_p-133-l-FR-pe-16E-v-YASC-ac-vh.html",
    "activites_principales":["golf", "trapeze"],
    "tripadvisor":"<div id=\"TA_socialButtonBubbles813\" class=\"TA_socialButtonBubbles\"></div><script src=\"http://www.tripadvisor.com/WidgetEmbed-socialButtonBubbles?locationId=669651&color=green&size=rect&uniq=813&lang=fr&display_version=2\"></script>",
    "avis":[{"content":"Câ€™est le royaume du golf et du tennis, de la voile aussi, magnifique piscine !", "author":"@jeffreyfromparis1", "status":"membre TripAdvisor"}],
    "icon":"assets/img/point-actif.png",
    "force_left_position":0,
    "force_right_position":0
  },
  {
    "id":31,
    "gps":[31.66061899999999, -7.978931999999986],
    "periode":[["01", "12"]],
    "pays":"Maroc",
    "lieu":"montagne",
    "groupe": ["enfants", "couple", "amis", "solo"],
    "nom": "Marrakech la Palmeraie",
    "photos": ["villages/30_marrakechlapalmeraie_1.jpg", "villages/30_marrakechlapalmeraie_2.jpg", "villages/30_marrakechlapalmeraie_3.jpg"],
    "score": 4,
    "espace5": 0,
    "enfant_tranche":["2-3", "4-10", "11-17"],
    "activite":["culture", "sport", "detente"],
    "sport":["tennis", "golf"],
    "url":"http://www.clubmed.fr/cm/sejour-marrakech-la-palmeraie-maroc_p-133-l-FR-v-MPAC-pe-16H-ac-vh.html",
    "activites_principales":["golf", "trapeze"],
    "tripadvisor":"<div id=\"TA_socialButtonBubbles932\" class=\"TA_socialButtonBubbles\"></div><script src=\"http://www.tripadvisor.com/WidgetEmbed-socialButtonBubbles?locationId=548395&color=green&size=rect&uniq=932&lang=fr&display_version=2\"></script>",
    "avis":[{"content":"Un palais des mille et une nuits", "author":"@lena_andco", "status":"membre TripAdvisor"}],
    "icon":"assets/img/point-actif.png",
    "force_left_position":0,
    "force_right_position":0
  },
  {
    "id":13,
    "gps":[33.780257, 11.048925000000054],
    "periode":[["06","10"]],
    "pays":"Tunisie",
    "lieu":"mer",
    "groupe": ["enfants", "couple", "amis", "solo"],
    "nom": "Djerba la Douce",
    "photos": ["villages/13_djerba_1.jpg", "villages/13_djerba_2.jpg", "villages/13_djerba_3.jpg"],
    "score": 3,
    "espace5": 0,
    "enfant_tranche":["0-1", "2-3", "4-10", "11-17"],
    "activite":["sport", "detente", "culture"],
    "sport":["tennis", "voile"],
    "url":"http://www.clubmed.fr/cm/sejour-djerba-la-douce-tunisie_p-133-l-FR-v-DDOC-pe-16E-ac-vh.html",
    "activites_principales":["tennis", "voile"],
    "tripadvisor":"<div id=\"TA_socialButtonBubbles197\" class=\"TA_socialButtonBubbles\"></div><script src=\"http://www.tripadvisor.com/WidgetEmbed-socialButtonBubbles?locationId=472615&color=green&size=rect&uniq=197&lang=fr&display_version=2\"></script>",
    "avis":[{"content":"Quinze jours en famille de rÃªve ! Nous Ã©tions avec nos 5 enfants... Grand mÃ¨re et des amisâ€¦ Soleil, repos, fÃªtes, souriresÂ !", "author":"@FMD75116", "status":"membre TripAdvisor"}],
    "icon":"assets/img/point-actif.png",
    "force_left_position":0,
    "force_right_position":0
  },
  {
    "id":1,
    "gps":[30.410226, -9.600401000000033],
    "periode":[["01","12"]],
    "pays":"Maroc",
    "lieu":"mer",
    "groupe": ["enfants", "couple", "amis", "solo"],
    "nom": "Agadir",
    "photos": ["villages/1_agadir_1.jpg", "villages/1_agadir_2.jpg", "villages/1_agadir_3.jpg"],
    "score": 3,
    "espace5": 0,
    "enfant_tranche":["0-1", "2-3", "4-10", "11-17"],
    "activite":["sport", "culture", "detente"],
    "sport":["golf", "tennis"],
    "url":"http://www.clubmed.fr/cm/sejour-agadir-maroc_p-133-l-FR-v-AGAC-ac-vh.html",
    "activites_principales":["golf", "tennis"],
    "tripadvisor":"<div id=\"TA_socialButtonBubbles90\" class=\"TA_socialButtonBubbles\"></div><script src=\"http://www.tripadvisor.com/WidgetEmbed-socialButtonBubbles?locationId=628307&color=green&size=rect&uniq=90&lang=fr&display_version=2\"></script>",
    "avis":[{"content":"La tendresse de miel du sud marocain, l'intensitÃ© sauvage de l'ocÃ©an Atlantique, pas de doute, Agadir honore ses contrastes.", "author":"Le mot du G.O<sup>Â®</sup>", "status":""}],
    "icon":"assets/img/point-actif.png",
    "force_left_position":0,
    "force_right_position":0
  },
  {
    "id":6,
    "gps":[12.383787, -16.740287999999964],
    "periode":[["01","04"], ["10","12"]],
    "pays":"SÃ©nÃ©gal",
    "lieu":"mer",
    "groupe": ["couple", "amis", "solo"],
    "nom": "Cap Skirring",
    "photos": ["villages/6_capskirring_1.jpg", "villages/6_capskirring_2.jpg", "villages/6_capskirring_3.jpg"],
    "score": 4,
    "espace5": 0,
    "enfant_tranche":["2-3", "4-10"],
    "activite":["sport", "culture"],
    "sport":["tennis", "golf", "voile"],
    "url":"http://www.clubmed.fr/cm/sejour-cap-skirring-senegal_p-133-l-FR-v-CSKC-r-1-ac-vh.html",
    "activites_principales":["golf", "tennis"],
    "tripadvisor":"<div id=\"TA_socialButtonBubbles968\" class=\"TA_socialButtonBubbles\"></div><script src=\"http://www.tripadvisor.com/WidgetEmbed-socialButtonBubbles?locationId=649551&color=green&size=rect&uniq=968&lang=fr&display_version=2\"></script>",
    "avis":[{"content":"Plage fantastique de sable blanc. Ã‰quipe golf trÃ¨s pro, cours de haut niveau.", "author":"@fredavion", "status":"membre TripAdvisor"}],
    "icon":"assets/img/point-actif.png",
    "force_left_position":0,
    "force_right_position":0
  },
  {
    "id":28,
    "gps":[-20.31950499999999, 57.39506499999993],
    "periode":[["01","12"]],
    "pays":"Ile Maurice",
    "lieu":"mer",
    "groupe": ["enfants", "couple", "amis", "solo"],
    "nom": "Les Villas d'Albion",
    "photos": ["villages/27_lesvillasdalbion_1.jpg", "villages/27_lesvillasdalbion_2.jpg", "villages/27_lesvillasdalbion_3.jpg"],
    "score": "<span class=\"cmfont exclu\">&#xe925;</span>",
    "espace5": 1,
    "enfant_tranche":["0-1", "2-3", "4-10", "11-17"],
    "activite":["detente", "sport", "culture"],
    "sport":["tennis", "golf", "voile", "plongee"],
    "url":"http://www.clubmed.fr/cm/sejour-villas-d-albion-ile-maurice_p-133-l-FR-pe-16E-v-ALBV-ac-vh.html",
    "activites_principales":["golf", "plongee"],
    "tripadvisor":"<div id=\"TA_socialButtonBubbles869\" class=\"TA_socialButtonBubbles\"></div><script src=\"http://www.tripadvisor.com/WidgetEmbed-socialButtonBubbles?locationId=1785877&color=green&size=rect&uniq=869&lang=fr&display_version=2\"></script>",
    "avis":[{"content":"A deux, en famille ou entre amis, une Villa privÃ©e aux accents mauriciens, un jardin multicolore qui embaume l'hibiscusâ€¦Ici, votre majordome s'occupe de tout, en toute discrÃ©tion!", "author":"Le mot du G.O<sup>Â®</sup>", "status":""}],
    "icon":"assets/img/point-actif.png",
    "force_left_position":0,
    "force_right_position":0
  },
  {
    "id":50,
    "gps":[1.952164, 73.54017999999996],
    "periode":[["01","12"]],
    "pays":"Maldives",
    "lieu":"mer",
    "groupe":["couple"],
    "nom": "Les Villas de Finolhu ",
    "photos": ["villages/22_lesvillasdefinolhu_1.jpg", "villages/22_lesvillasdefinolhu_2.jpg", "villages/22_lesvillasdefinolhu_3.jpg"],
    "score": "<span class=\"cmfont exclu\">&#xe925;</span>",
    "espace5": 0,
    "enfant_tranche":["2-3", "4-10", "11-17"],
    "activite":["detente", "sport"],
    "sport":["tennis", "voile", "plongee"],
    "url":"http://www.clubmed.fr/cm/sejour-villas-de-finolhu-maldives_p-133-l-FR-pe-16E-v-KANV-ac-vh.html",
    "activites_principales":["plongee", "tennis"],
    "tripadvisor":"<div id=\"TA_socialButtonBubbles368\" class=\"TA_socialButtonBubbles\"></div><script src=\"http://www.tripadvisor.com/WidgetEmbed-socialButtonBubbles?locationId=7385762&color=green&size=rect&uniq=368&lang=fr&display_version=2\"></script>",
    "avis":[{"content":"Du sable blanc, une mer turquoise, des villas luxueuses, un restaurant de grand chef, des cocktails sur mesure, un service bar-restaurant irrÃ©prochable partout, de quoi peut-on rÃªver de mieux pour passer des vacances de rÃªve ?", "author":"@Patrick P", "status":"membre TripAdvisor"}],
    "icon":"assets/img/point-actif.png",
    "force_left_position":0,
    "force_right_position":0
  },
  {
    "id":27,
    "gps":[-20.3181028, 57.59698490000001],
    "periode":[["01","12"]],
    "pays":"Ile Maurice",
    "lieu":"mer",
    "groupe": ["enfants", "couple", "amis", "solo"],
    "nom": "La Plantation d'Albion",
    "photos": ["villages/27_laplantationdalbion_1.jpg", "villages/27_laplantationdalbion_2.jpg", "villages/27_laplantationdalbion_3.jpg"],
    "score": 5,
    "espace5": 0,
    "enfant_tranche":["0-1", "2-3", "4-10", "11-17"],
    "activite":["detente", "sport", "culture"],
    "sport":["tennis", "golf", "voile", "plongee"],
    "url":"http://www.clubmed.fr/cm/sejour-la-plantation-d-albion-club-med-ile-maurice_p-133-l-FR-pe-16E-v-ALBC-ac-vh.html",
    "activites_principales":["golf", "plongee"],
    "tripadvisor":"<div id=\"TA_socialButtonBubbles208\" class=\"TA_socialButtonBubbles\"></div><script src=\"http://www.tripadvisor.com/WidgetEmbed-socialButtonBubbles?locationId=669622&color=green&size=rect&uniq=208&lang=fr&display_version=2\"></script>",
    "avis":[{"content":"Une crique sauvage, des jardins Ã  perte de vue, vous avez trouvÃ© votre coin de paradis. Les enfants aussi.", "author":"Le mot du G.O<sup>Â®</sup>", "status":""}],
    "icon":"assets/img/point-actif.png",
    "force_left_position":0,
    "force_right_position":0
  },
  {
    "id":22,
    "gps":[4.342509, 73.60736900000006],
    "periode":[["01","12"]],
    "pays":"Maldives",
    "lieu":"mer",
    "groupe": ["couple", "amis", "solo"],
    "nom": "Kani",
    "photos": ["villages/21_kani_1.jpg", "villages/21_kani_2.jpg", "villages/21_kani_3.jpg"],
    "score": 4,
    "espace5": 0,
    "enfant_tranche":["0.3-1.9", "2-3"],
    "activite":["detente", "sport"],
    "sport":["voile", "plongee"],
    "url":"http://www.clubmed.fr/cm/sejour-kani-maldives_p-133-l-FR-v-KANC-pe-16E-ac-vh.html",
    "activites_principales":["plongee", "voile"],
    "tripadvisor":"<div id=\"TA_socialButtonBubbles941\" class=\"TA_socialButtonBubbles\"></div><script src=\"http://www.tripadvisor.com/WidgetEmbed-socialButtonBubbles?locationId=556493&color=green&size=rect&uniq=941&lang=fr&display_version=2\"></script>",
    "avis":[{"content":"Le soleil, le ciel et la mer turquoiseâ€¦ Bienvenue au paradis.", "author":"@Azlinda Aljunied", "status":"membre Facebook"}],
    "icon":"assets/img/point-actif.png",
    "force_left_position":0,
    "force_right_position":0
  },
  {
    "id":29,
    "gps":[-20.004271, 57.55222600000002],
    "periode":[["01","12"]],
    "pays":"Ile Maurice",
    "lieu":"mer",
    "groupe": ["enfants", "couple", "amis", "solo"],
    "nom": "La Pointe aux Canonniers",
    "photos": ["villages/28_lapointeauxcanonniers_1.jpg", "villages/28_lapointeauxcanonniers_2.jpg", "villages/28_lapointeauxcanonniers_3.jpg"],
    "score": 4,
    "espace5": 0,
    "enfant_tranche":["0-1", "2-3", "4-10", "11-17"],
    "activite":["sport", "culture"],
    "sport":["tennis", "skinautique", "voile", "plongee"],
    "url":"http://www.clubmed.fr/cm/sejour-la-pointe-aux-canonniers-ile-maurice_p-133-l-FR-pe-16E-v-MAUC-ac-vh.html",
    "activites_principales":["skinautique", "voile"],
    "tripadvisor":"<div id=\"TA_socialButtonBubbles210\" class=\"TA_socialButtonBubbles\"></div><script src=\"http://www.tripadvisor.com/WidgetEmbed-socialButtonBubbles?locationId=626975&color=green&size=rect&uniq=210&lang=fr&display_version=2\"></script>",
    "avis":[{"content":"Mini club et baby club, l'encadrement est exceptionnel.", "author":"@RV12", "status":""}],
    "icon":"assets/img/point-actif.png",
    "force_left_position":0,
    "force_right_position":0
  },
  {
    "id":36,
    "gps":[7.822132999999999, 98.29730599999994],
    "periode":[["01","12"]],
    "pays":"ThaÃ¯lande",
    "lieu":"mer",
    "groupe":["enfants", "couple", "amis", "solo"],
    "nom": "Phuket",
    "photos": ["villages/35_phuket_1.jpg", "villages/35_phuket_2.jpg", "villages/35_phuket_3.jpg"],
    "score": 4,
    "espace5": 0,
    "enfant_tranche":["0-1", "2-3", "4-10", "11-17"],
    "activite":["detente", "culture", "sport"],
    "sport":["tennis", "golf", "plongee"],
    "url":"http://www.clubmed.fr/cm/sejour-phuket-thailande_p-133-l-FR-v-PHUC-pe-16E-ac-vh.html",
    "activites_principales":["trapeze", "golf"],
    "tripadvisor":"<div id=\"TA_socialButtonBubbles656\" class=\"TA_socialButtonBubbles\"></div><script src=\"http://www.tripadvisor.com/WidgetEmbed-socialButtonBubbles?locationId=595720&color=green&size=rect&uniq=656&lang=fr&display_version=2\"></script>",
    "avis":[{"content":"Le baby club med Ã©tait super et jâ€™Ã©tais contente de laisser mon enfant de 18 mois entre des mains expertes.", "author":"@Victoria O'Neill", "status":"membre Facebook"}],
    "icon":"assets/img/point-actif.png",
    "force_left_position":0,
    "force_right_position":0
  },
  {
    "id":2,
    "gps":[-8.7902774, 115.22931960000005],
    "periode":[["01","12"]],
    "pays":"IndonÃ©sie",
    "lieu":"mer",
    "groupe": ["enfants", "couple", "amis", "solo"],
    "nom": "Bali",
    "photos": ["villages/2_bali_1.jpg", "villages/2_bali_2.jpg", "villages/2_bali_3.jpg"],
    "score": 4,
    "espace5": 0,
    "enfant_tranche":["0-1", "2-3", "4-10", "11-17"],
    "activite":["culture", "detente", "sport"],
    "sport":["tennis", "golf", "voile"],
    "url":"http://www.clubmed.fr/cm/sejour-bali-indonesie_p-133-l-FR-v-BALC-ac-vh.html",
    "activites_principales":["golf", "trapeze"],
    "tripadvisor":"<div id=\"TA_socialButtonBubbles677\" class=\"TA_socialButtonBubbles\"></div><script src=\"http://www.tripadvisor.com/WidgetEmbed-socialButtonBubbles?locationId=669122&color=green&size=rect&uniq=677&lang=fr&display_version=2\"></script>",
    "avis":[{"content":"Le chef & son Ã©quipe mitonnent des plats exceptionnellement bonsÂ !", "author":"@Edward Haggar", "status":"membre Facebook"}],
    "icon":"assets/img/point-actif.png",
    "force_left_position":0,
    "force_right_position":0
  },
  {
    "id":9,
    "gps":[3.8239075, 103.30627140000001],
    "periode":[["01","12"]],
    "pays":"Malaisie",
    "lieu":"montagne",
    "groupe":["enfants", "couple", "amis", "solo"],
    "nom": "Cherating Beach",
    "photos": ["villages/9_cherating_1.jpg", "villages/9_cherating_2.jpg", "villages/9_cherating_3.jpg"],
    "score": 4,
    "espace5": 0,
    "enfant_tranche":["0-1", "2-3", "4-10", "11-17"],
    "activite":["detente", "sport", "culture"],
    "sport":["tennis", "voile"],
    "url":"http://www.clubmed.fr/cm/sejour-cherating-beach-malaisie_p-133-l-FR-pe-16E-v-CHEC-ac-vh.html",
    "activites_principales":["escalade", "trapeze"],
    "tripadvisor":"<div id=\"TA_socialButtonBubbles649\" class=\"TA_socialButtonBubbles\"></div><script src=\"http://www.tripadvisor.com/WidgetEmbed-socialButtonBubbles?locationId=579713&color=green&size=rect&uniq=649&lang=fr&display_version=2\"></script>",
    "avis":[{"content":"Le club med Cherating est un endroit merveilleux situÃ© entre mer et jungle.", "author":"@Sebastien A", "status":"membre TripAdvisor"}],
    "icon":"assets/img/point-actif.png",
    "force_left_position":0,
    "force_right_position":0
  },
  {
    "id":3,
    "gps":[1.199004, 104.40660000000003],
    "periode":[["01","12"]],
    "pays":"IndonÃ©sie",
    "lieu":"mer",
    "groupe":["enfants", "couple", "amis", "solo"],
    "nom": "Bintan Island",
    "photos": ["villages/3_bintanisland_1.jpg", "villages/3_bintanisland_2.jpg", "villages/3_bintanisland_3.jpg"],
    "score": 4,
    "espace5": 0,
    "enfant_tranche":["2-3", "4-10", "11-17"],
    "activite":["sport", "detente", "culture"],
    "sport":["tennis", "golf", "voile"],
    "url":"http://www.clubmed.fr/cm/sejour-bintan-island-indonesie_p-133-l-FR-v-RBIC-ac-vh.html",
    "activites_principales":["golf", "trapeze"],
    "tripadvisor":"<div id=\"TA_socialButtonBubbles921\" class=\"TA_socialButtonBubbles\"></div><script src=\"http://www.tripadvisor.com/WidgetEmbed-socialButtonBubbles?locationId=605509&color=green&size=rect&uniq=921&lang=fr&display_version=2\"></script>",
    "avis":[{"content":"Une semaine de vacances au vrai sens du terme. Tout y est fait pour que vous vous sentiez bien. Les activitÃ©s du Club sont ludiques, nombreuses et variÃ©es. La nourriture y est excellente. Le cadre est magnifique. Tout ressemble Ã  un petit coin de paradis.", "author":"@Philippe M", "status":"membre TripAdvisor"}, {"content":"Hello people", "author":"Johndoe", "status":"client VIP"}],
    "icon":"assets/img/point-actif.png",
    "force_left_position":0,
    "force_right_position":0
  },
  {
    "id":16,
    "gps":[25.033663, 110.320698],
    "periode":[["01","12"]],
    "pays":"Chine",
    "lieu":"montagne",
    "groupe": ["enfants", "couple", "amis", "solo"],
    "nom": "Guilin",
    "photos": ["villages/16_guilin_1.jpg", "villages/16_guilin_2.jpg", "villages/16_guilin_3.jpg"],
    "score": 4,
    "espace5": 0,
    "enfant_tranche":["2-3", "4-10", "11-17"],
    "activite":["culture", "sport", "detente"],
    "sport":["tennis", "golf"],
    "url":"http://www.clubmed.fr/cm/sejour-guilin-chine_p-133-l-FR-pe-16E-v-GUIC-ac-vh.html",
    "activites_principales":["escalade", "golf"],
    "tripadvisor":"<div id=\"TA_socialButtonBubbles681\" class=\"TA_socialButtonBubbles\"></div><script src=\"http://www.tripadvisor.com/WidgetEmbed-socialButtonBubbles?locationId=651196&color=green&size=rect&uniq=681&lang=fr&display_version=2\"></script>",
    "avis":[{"content":"Un site unique et bouleversant, des montagnes et riziÃ¨res en terrasses. A couper le souffle!", "author":"Le mot du G.O<sup>Â®</sup>", "status":""}],
    "icon":"assets/img/point-actif.png",
    "force_left_position":0,
    "force_right_position":0
  },
  {
    "id":14,
    "gps":[22.270715, 113.57672600000001],
    "periode":[["01","12"]],
    "pays":"Chine",
    "lieu":"mer",
    "groupe": ["enfants", "couple", "amis", "solo"],
    "nom": "Dong'ao Island",
    "photos": ["villages/14_dongao_1.jpg", "villages/14_dongao_2.jpg", "villages/14_dongao_3.jpg"],
    "score": 4,
    "espace5": 0,
    "enfant_tranche":["2-3", "4-10", "11-17"],
    "activite":["detente", "sport"],
    "sport":["voile", "trapeze"],
    "url":"http://www.clubmed.fr/cm/sejour-dong-ao-island-chine_p-133-l-FR-v-DAOC-ac-vh.html",
    "activites_principales":["voile", "trapeze"],
    "tripadvisor":"<div id=\"TA_socialButtonBubbles83\" class=\"TA_socialButtonBubbles\"></div><script src=\"http://www.tripadvisor.com/WidgetEmbed-socialButtonBubbles?locationId=6783955&color=green&size=rect&uniq=83&lang=fr&display_version=2\"></script>",
    "avis":[{"content":"Village balnÃ©aire chinois au cÅ“ur d'une Ã®le pittoresque Ã  la nature luxuriante, Ã  deux pas de la frÃ©nÃ©tique Hong Kong.", "author":"Le mot du G.O<sup>Â®</sup>", "status":""}],
    "icon":"assets/img/point-actif.png",
    "force_left_position":0,
    "force_right_position":0
  },
  {
    "id":20,
    "gps":[24.479933, 124.12091740000005],
    "periode":[["01","12"]],
    "pays":"Japon",
    "lieu":"mer",
    "groupe":["enfants", "couple", "amis", "solo"],
    "nom": "Kabira Ishigaki",
    "photos": ["villages/19_kabiraishigaki_1.jpg", "villages/19_kabiraishigaki_2.jpg", "villages/19_kabiraishigaki_3.jpg"],
    "score": 4,
    "espace5": 0,
    "enfant_tranche":["2-3", "4-10", "11-17"],
    "activite":["sport", "detente"],
    "sport":["tennis", "voile", "plongee"],
    "url":"http://www.clubmed.fr/cm/sejour-kabira-ishigaki-japon_p-133-l-FR-pe-16E-v-KABC-ac-vh.html",
    "activites_principales":["planche", "vtt"],
    "tripadvisor":"<div id=\"TA_socialButtonBubbles367\" class=\"TA_socialButtonBubbles\"></div><script src=\"http://www.tripadvisor.com/WidgetEmbed-socialButtonBubbles?locationId=668311&color=green&size=rect&uniq=367&lang=fr&display_version=2\"></script>",
    "avis":[{"content":"Imaginez le printemps baignÃ© de cerisiers en fleursâ€¦Vous Ãªtes Ã  l'extrÃªme sud du Japon, sur la pÃ©ninsule d'Ishigaki, dans l'archipel d'Okinawa.", "author":"Le mot du G.O<sup>Â®</sup>", "status":""}],
    "icon":"assets/img/point-actif.png",
    "force_left_position":0,
    "force_right_position":0
  },
  {
    "id":17,
    "gps":[43.155572, 142.80716000000007],
    "periode":[["06","09"]],
    "pays":"Japon",
    "lieu":"montagne",
    "groupe": ["enfants", "couple", "amis", "solo"],
    "nom": "Hokkaido",
    "photos": ["villages/17_hokkaido_1.jpg", "villages/17_hokkaido_2.jpg", "villages/17_hokkaido_3.jpg"],
    "score": 4,
    "espace5": 0,
    "enfant_tranche":["2-3", "4-10", "11-17"],
    "activite":["sport", "detente"],
    "sport":["tennis", "golf"],
    "url":"http://www.clubmed.fr/cm/sejour-hokkaido-japon_p-133-l-FR-v-SAOC-pe-16E-ac-vh.html",
    "activites_principales":["trapeze", "tennis"],
    "tripadvisor":"<div id=\"TA_socialButtonBubbles420\" class=\"TA_socialButtonBubbles\"></div><script src=\"http://www.tripadvisor.com/WidgetEmbed-socialButtonBubbles?locationId=601595&color=green&size=rect&uniq=420&lang=fr&display_version=2\"></script>",
    "avis":[{"content":"Sur l'ile la plus septentrionale du Japon, le Club Med vous accueille dans un dÃ©cor de toute beautÃ©. Venez dÃ©couvrir les joies de la montagne l'Ã©tÃ© au Japon.", "author":"Le mot du G.O<sup>Â®</sup>", "status":""}],
    "icon":"assets/img/point-actif.png",
    "force_left_position":0,
    "force_right_position":0
  },
  {
    "id":46,
    "gps":[45.456246, 6.344785000000024],
    "periode":[["06","08"]],
    "pays":"France",
    "lieu":"montagne",
    "groupe":["enfants", "couple", "amis", "solo"],
    "nom": "Les Chalets de Valmorel",
    "photos": ["villages/45_leschaletsdevalmorel_1.jpg", "villages/45_leschaletsdevalmorel_2.jpg", "villages/45_leschaletsdevalmorel_3.jpg"],
    "score": "<span class=\"cmfont exclu\">&#xe925;</span>",
    "espace5": 1,
    "enfant_tranche":["0-1", "2-3", "4-10", "11-17"],
    "activite":["sport", "detente"],
    "sport":["rando"],
    "url":"http://www.clubmed.fr/cm/sejour-appartements-chalets-de-valmorel-france_p-133-l-FR-v-VMOV-pe-16E-ac-vh.html",
    "activites_principales":["rando", "vtt"],
    "tripadvisor":"<div id=\"TA_socialButtonBubbles225\" class=\"TA_socialButtonBubbles\"></div><script src=\"http://www.tripadvisor.com/WidgetEmbed-socialButtonBubbles?locationId=8413314&color=green&size=rect&uniq=225&lang=fr&display_version=2\"></script>",
    "avis":[{"content":"Imaginez, une dÃ©coration authentique, un Chalet spacieux avec vue sur les plus beaux sommets. RÃªvez encore. A Valmorel, c'est l'Ã©tÃ© tout en douceur.", "author":"Le mot du G.O<sup>Â®</sup>", "status":""}],
    "icon":"assets/img/point-actif.png",
    "force_left_position":0,
    "force_right_position":0
  },
  {
    "id":37,
    "gps":[44.98833299999999, 6.918736999999965],
    "periode":[["06", "08"]],
    "pays":"Italie",
    "lieu":"montagne",
    "groupe": ["enfants", "couple", "amis", "solo"],
    "nom": "Pragelato Vialattea",
    "photos": ["villages/36_pragelatovialattea_1.jpg", "villages/36_pragelatovialattea_2.jpg", "villages/36_pragelatovialattea_3.jpg"],
    "score": 4,
    "espace5": 0,
    "enfant_tranche":["2-3", "4-10", "11-17"],
    "activite":["sport", "detente"],
    "sport":["golf", "rando"],
    "url":"http://www.clubmed.fr/cm/sejour-pragelato-vialattea-italie_p-133-l-FR-v-PRAC-pe-16E-ac-vh.html",
    "activites_principales":["rando", "golf"],
    "tripadvisor":"<div id=\"TA_socialButtonBubbles213\" class=\"TA_socialButtonBubbles\"></div><script src=\"http://www.tripadvisor.com/WidgetEmbed-socialButtonBubbles?locationId=2676352&color=green&size=rect&uniq=213&lang=fr&display_version=2\"></script>",
    "avis":[{"content":"Des activitÃ©s de montagne vivifiantes !!!", "author":"@Amal Haddad Saber", "status":"membre Facebook"}],
    "icon":"assets/img/point-actif.png",
    "force_left_position":0,
    "force_right_position":0
  },
  {
    "id":45,
    "gps":[45.456246, 6.544785000000024],
    "periode":[["06", "08"]],
    "pays":"France",
    "lieu":"montagne",
    "groupe": ["enfants", "couple", "amis", "solo"],
    "nom": "Valmorel",
    "photos": ["villages/44_valmorel_1.jpg", "villages/44_valmorel_2.jpg", "villages/44_valmorel_3.jpg"],
    "score": 4,
    "espace5": 1,
    "enfant_tranche":["0-1", "2-3", "4-10", "11-17"],
    "activite":["sport", "detente"],
    "sport":["rando"],
    "url":"http://www.clubmed.fr/cm/sejour-valmorel-france_p-133-l-FR-v-VMOC-pe-16E-ac-vh.html",
    "activites_principales":["rando", "vtt"],
    "tripadvisor":"<div id=\"TA_socialButtonBubbles607\" class=\"TA_socialButtonBubbles\"></div><script src=\"http://www.tripadvisor.com/WidgetEmbed-socialButtonBubbles?locationId=2087816&color=green&size=rect&uniq=607&lang=fr&display_version=2\"></script>",
    "avis":[{"content":"Dans un cadre de verdure face Ã  la montagne. Un club idÃ©al pour des vacances en famille.", "author":"@Laurent W", "status":"membre TripAdvisor"}],
    "icon":"assets/img/point-actif.png",
    "force_left_position":0,
    "force_right_position":0
  },
  {
    "id":35,
    "gps":[45.55282700000001, 6.763472999999976],
    "periode":[["06", "08"]],
    "pays":"France",
    "lieu":"mer",
    "groupe": ["enfants", "couple", "amis", "solo"],
    "nom": "Peisey-Vallandry",
    "photos": ["villages/34_peiseyvallandry_1.jpg", "villages/34_peiseyvallandry_2.jpg", "villages/34_peiseyvallandry_3.jpg"],
    "score": 4,
    "espace5": 0,
    "enfant_tranche":["2-3", "4-10", "11-17"],
    "activite":["sport", "detente"],
    "sport":["rando"],
    "url":"http://www.clubmed.fr/cm/sejour-peisey-vallandry-france_p-133-l-FR-v-PVAC-pe-16E-ac-vh.html",
    "activites_principales":["rando", "vtt"],
    "tripadvisor":"<div id=\"TA_socialButtonBubbles129\" class=\"TA_socialButtonBubbles\"></div><script src=\"http://www.tripadvisor.com/WidgetEmbed-socialButtonBubbles?locationId=634140&color=green&size=rect&uniq=129&lang=fr&display_version=2\"></script>",
    "avis":[{"content":"La difficultÃ© des randos est bien dosÃ©e, on voit des paysages trÃ¨s jolis et variÃ©s au cours de la semaine. Les guides sont compÃ©tents et champions du timing.", "author":"@Olivier F", "status":"membre TripAdvisor"}],
    "icon":"assets/img/point-actif.png",
    "force_left_position":0,
    "force_right_position":0
  },
  {
    "id":42,
    "gps":[44.9462452, 6.5511346000000685],
    "periode":[["06","08"]],
    "pays":"France",
    "lieu":"montagne",
    "groupe":["enfants", "couple", "amis", "solo"],
    "nom": "Serre-Chevalier",
    "photos": ["villages/41_serrechevalier_1.jpg", "villages/41_serrechevalier_2.jpg", "villages/41_serrechevalier_3.jpg"],
    "score": 3,
    "espace5": 0,
    "enfant_tranche":["0-1", "2-3", "4-10", "11-17"],
    "activite":["sport", "detente"],
    "sport":["tennis", "rando"],
    "url":"http://www.clubmed.fr/cm/sejour-serre-chevalier-france_p-133-l-FR-v-SCHC-pe-16E-ac-vh.html",
    "activites_principales":["rando", "vtt"],
    "tripadvisor":"<div id=\"TA_socialButtonBubbles773\" class=\"TA_socialButtonBubbles\"></div><script src=\"http://www.tripadvisor.com/WidgetEmbed-socialButtonBubbles?locationId=655824&color=green&size=rect&uniq=773&lang=fr&display_version=2\"></script>",
    "avis":[{"content":"Succombez aux sports divers en Ã©tÃ© ? Serre-Cheâ€™, câ€™est la majestÃ© des montagnes et le confort douillet dâ€™un hameau des Hautes Alpes.", "author":"Le mot du G.O<sup>Â®</sup>", "status":""}],
    "icon":"assets/img/point-actif.png",
    "force_left_position":0,
    "force_right_position":0
  },
  {
    "id":8,
    "gps":[45.92562969999999, 6.8676540999999816],
    "periode":[["06","08"]],
    "pays":"France",
    "lieu":"montagne",
    "groupe":["enfants", "couple", "amis", "solo"],
    "nom": "Chamonix Mont-Blanc",
    "photos": ["villages/8_chamonix_1.jpg", "villages/8_chamonix_2.jpg", "villages/8_chamonix_3.jpg"],
    "score": 4,
    "espace5": 0,
    "enfant_tranche":["0-1"],
    "activite":["sport", "detente"],
    "sport":["rando", "vtt"],
    "url":"http://www.clubmed.fr/cm/sejour-chamonix-mont-blanc-france_p-133-l-FR-v-CHAC-pe-16E-ac-vh.html",
    "activites_principales":["rando", "vtt"],
    "tripadvisor":"<div id=\"TA_socialButtonBubbles984\" class=\"TA_socialButtonBubbles\"></div><script src=\"http://www.tripadvisor.com/WidgetEmbed-socialButtonBubbles?locationId=629242&color=green&size=rect&uniq=984&lang=fr&display_version=2\"></script>",
    "avis":[{"content":"C'est la saison des glaciers? Celui-lÃ  vous fera fondre. On craque pour son air frais de montagne et son petit goÃ»t de chic Ã  l'ancienne!", "author":"Le mot du G.O<sup>Â®</sup>", "status":""}],
    "icon":"assets/img/point-actif.png",
    "force_left_position":0,
    "force_right_position":0
  }
]